{
  "meta": {
    "comparedAt": "2025-12-29T23:03:48.067Z",
    "currentSha": "09b7969fa7987f735bab2324027dad3f186c23b1",
    "baselineSha": "bec0d1b49e0ce3ce14e6add1008cc50a2035ced7"
  },
  "deltas": {
    "npm_pack_bytes": 1826,
    "script_code_lines": 158,
    "total_text_lines": 219,
    "huge_scripts": 0,
    "flaky_tests": 0,
    "unit_tests_total": 0,
    "unit_tests_duration_ms": -1678.5625179999988,
    "e2e_installer_tests_total": 0,
    "e2e_installer_tests_duration_ms": -6000,
    "coverage_lines_pct": -0.07000000000000028,
    "slow_tests_over_20s": 0,
    "duplication_pct": 0.07000000000000028
  }
}
