{
  "meta": {
    "comparedAt": "2025-12-30T04:54:35.658Z",
    "currentSha": "72d5678109b73930c2d2bc14c832295817fb535f",
    "baselineSha": "e9716655fd20959b5da5c563ce941e663fdc7336"
  },
  "deltas": {
    "npm_pack_bytes": 1662,
    "script_code_lines": 101,
    "total_text_lines": 139,
    "huge_scripts": 0,
    "flaky_tests": 0,
    "unit_tests_total": 0,
    "unit_tests_duration_ms": -2760.7709250000007,
    "e2e_installer_tests_total": 0,
    "e2e_installer_tests_duration_ms": -2600,
    "coverage_lines_pct": 0,
    "slow_tests_over_20s": 0,
    "duplication_pct": -0.02999999999999936
  }
}
